{"cameraMode":{"drawMode":0,"name":"Shaded","section":"Shading Mode"},"sceneLighting":false,"audioPlay":false,"sceneViewState":{"m_AlwaysRefresh":false,"showFog":true,"showSkybox":false,"showFlares":true,"showImageEffects":true,"showParticleSystems":true,"showVisualEffectGraphs":true,"m_FxEnabled":true},"in2DMode":false,"pivot":{"x":0.01084818970412016,"y":0.022746048867702485,"z":-0.0190630704164505},"rotation":{"x":-0.3398968577384949,"y":-0.0036715909373015167,"z":0.0013231731718406082,"w":-0.9404548406600952},"size":0.04520678147673607,"orthographic":false}