{"cameraMode":{"drawMode":0,"name":"Shaded","section":"Shading Mode"},"sceneLighting":false,"audioPlay":false,"sceneViewState":{"m_AlwaysRefresh":false,"showFog":true,"showSkybox":false,"showFlares":true,"showImageEffects":true,"showParticleSystems":true,"showVisualEffectGraphs":true,"m_FxEnabled":true},"in2DMode":false,"pivot":{"x":-4.724888801574707,"y":15.976245880126954,"z":-3.159078598022461},"rotation":{"x":0.1359855681657791,"y":-0.07571573555469513,"z":0.010428614914417267,"w":0.9877663254737854},"size":11.498281478881836,"orthographic":false}