{"cameraMode":{"drawMode":0,"name":"Shaded","section":"Shading Mode"},"sceneLighting":true,"audioPlay":false,"sceneViewState":{"m_AlwaysRefresh":false,"showFog":true,"showSkybox":true,"showFlares":true,"showImageEffects":true,"showParticleSystems":true,"showVisualEffectGraphs":true,"m_FxEnabled":true},"in2DMode":false,"pivot":{"x":-19.437515258789064,"y":23.858707427978517,"z":93.4067611694336},"rotation":{"x":-0.0899496078491211,"y":0.07223790884017945,"z":-0.006544944830238819,"w":-0.9933038353919983},"size":27.396865844726564,"orthographic":false}