{"cameraMode":{"drawMode":0,"name":"Shaded","section":"Shading Mode"},"sceneLighting":false,"audioPlay":false,"sceneViewState":{"m_AlwaysRefresh":false,"showFog":true,"showSkybox":false,"showFlares":true,"showImageEffects":true,"showParticleSystems":true,"showVisualEffectGraphs":true,"m_FxEnabled":true},"in2DMode":false,"pivot":{"x":0.27982136607170107,"y":0.43693292140960696,"z":1.5867359638214112},"rotation":{"x":-0.05109445005655289,"y":0.868951141834259,"z":-0.0918644443154335,"w":-0.48365089297294619},"size":0.8207094669342041,"orthographic":false}