{"cameraMode":{"drawMode":0,"name":"Shaded","section":"Shading Mode"},"sceneLighting":false,"audioPlay":false,"sceneViewState":{"m_AlwaysRefresh":false,"showFog":true,"showSkybox":false,"showFlares":true,"showImageEffects":true,"showParticleSystems":true,"showVisualEffectGraphs":true,"m_FxEnabled":true},"in2DMode":false,"pivot":{"x":4.094217300415039,"y":0.8046762943267822,"z":0.3597932755947113},"rotation":{"x":-0.07773762941360474,"y":0.8096736669540405,"z":-0.11024952679872513,"w":-0.5712046027183533},"size":0.8207094669342041,"orthographic":false}