{"cameraMode":{"drawMode":0,"name":"Shaded","section":"Shading Mode"},"sceneLighting":false,"audioPlay":false,"sceneViewState":{"m_AlwaysRefresh":false,"showFog":true,"showSkybox":false,"showFlares":true,"showImageEffects":true,"showParticleSystems":true,"showVisualEffectGraphs":true,"m_FxEnabled":true},"in2DMode":false,"pivot":{"x":-42.970970153808597,"y":-0.19084946811199189,"z":0.4884127378463745},"rotation":{"x":-0.025547947734594346,"y":0.7364502549171448,"z":-0.02785986289381981,"w":-0.6754218339920044},"size":32.93653106689453,"orthographic":false}